scenario_id,k,k_p,a,b,c
Low scenario,3.3250945736058126,0.009805402003074637,3.167718591539877,0.13097372239223012,0.8445615804628953
Base scenario,0.76232667433278,0.26031193463289687,1.3521124141236134,0.009789962664337742,1.35908157998849
High scenario,0.7967376319913678,0.084459055792281,2.6138357268804633,0.06298800087023897,0.990951625298844
